0	alumacraft
1	Ablebits
2	US Beef Corporation
3	Legacy Retire
4	system id barcode
5	Kansas Health Information Management Association
6	khp music
7	Booker T Washington
8	Electronic Federal Tax Payment System
9	Sonofresco Coffee
10	boarding school usa
11	online msw programs
12	florida festivals and events
13	borgata hotel
14	Tool-Flo
15	MP Review
16	Alidade Inc
17	North Hills
18	Tri-State College of Acupuncture
19	DUI Education
20	Things to Ask Alexa
21	cross river gorilla programme
22	Dallas Family Medical
23	afterglow lighting
24	Jensen Beach Fl
25	pound sterling forecast
26	sara glove
27	Cash Register Store
28	vertex42
29	Alpharetta and Old Milton
30	Elkton RV Park
31	Banjo Store
32	ACHP
33	alice programming
34	Poulsbo City
35	veritiv
36	AIANTA
37	GORE-TEX
38	Ace Restumping
39	First Nations Institute
40	Indie Pro
41	ForsLean
42	eduroam
43	Perfect Score Project
44	Nanuya Resort
45	Acropolis Custom Marble
46	American Eagle Credit
47	Lawrence Indiana
48	CPA Horticulture
49	Twinsburg Township
50	gogo squeez
51	5Point
52	How a Car Works
53	Jamestown Tennessee
54	PANDAS Network
55	UN
56	Bell County Museum
57	Just Sinks
58	VA TECH
59	Stedman Elementary School
60	Walker Schools
61	Ocean Grove New Jersey
62	Henry County Tennessee
63	Mulberry Paper
64	Milk Prices
65	PureWorks
66	May Law Group
67	SCORE Tennessee
68	Snakes of Tennessee
69	Albany Australia
70	higher peak
71	Whale Watch Inn
72	American Gumball Machine Co
73	PrescQIPP
74	NRSWA Courses
75	InflataSpa
76	Park County Library
77	Donnelly Idaho
78	Tri-County Electric Cooperative
79	Merritt Island Insurance Florida
80	dairy reporter
81	Haydon Bridge
82	AMF Bowling
83	Middlesex College
84	southwestern pirates
85	Blackstone investment
86	pokerstars
87	Rockville Centre New York
88	dave smith car dealer
89	Laurens South Carolina
90	Highland High School New Mexico
91	Schilit Forensics
92	Crush Soda
93	leon county Sheriffs Office
94	Water Works MERRIMACK NH
95	Target Copy
96	Medicare Enrollment
97	inzalo utility systems
98	Diana Jules Real Estate
